Country Name,Country Code,Series Name,Series Code,1991 [YR1991],1992 [YR1992],1993 [YR1993],1994 [YR1994],1995 [YR1995],1996 [YR1996],1997 [YR1997],1998 [YR1998],1999 [YR1999],2000 [YR2000],2001 [YR2001],2002 [YR2002],2003 [YR2003],2004 [YR2004],2005 [YR2005],2006 [YR2006],2007 [YR2007],2008 [YR2008],2009 [YR2009],2010 [YR2010],2011 [YR2011],2012 [YR2012],2013 [YR2013],2014 [YR2014],2015 [YR2015],2016 [YR2016],2017 [YR2017],2018 [YR2018],2019 [YR2019],2020 [YR2020],2021 [YR2021],2022 [YR2022],2023 [YR2023],2024 [YR2024]
Armenia,ARM,GDP (current US$),NY.GDP.MKTP.CD,2069870129.87013,1272835453.42634,1201312829.27524,1315158636.67553,1468317435.20148,1596968946.23708,1639492444.76152,1893726437.26462,1845482173.02732,1911563668.85006,2118467913.37873,2376335048.39976,2807061008.69084,3576615240.41616,4900469511.10191,6384452066.5146,9206301269.79164,11662040713.8753,8647937081.2562,9260285755.62424,10142111824.5835,10619320682.9474,11121464437.0415,11609513246.7958,10553337518.414,10546136235.5219,11527458709.0158,12457940694.7395,13619290539.2116,12641698583.2152,13878908628.9378,19513506553.1251,24085749592.3359,25786585949.6346
Armenia,ARM,GDP per capita (current US$),NY.GDP.PCAP.CD,572.740260900977,356.350780006933,347.870644720878,390.879964297655,443.924860857976,487.068624404558,505.035887057966,590.239947333459,582.669886150895,593.450581742282,659.588988535629,742.651118319819,882.030167695474,1130.08791444158,1557.48458908655,2041.65267068997,2962.70234594569,3777.66859313767,2820.5926553347,3041.34450723339,3349.55309771906,3511.56399687426,3680.16692158886,3852.11800610384,3512.39350276709,3524.42476874707,3869.05373867752,4196.00562301769,4597.22887399548,4268.68093304583,4685.17997128509,6571.97445545099,8125.27395754003,8500.60522486719
Armenia,ARM,"GDP per capita, PPP (current international $)",NY.GDP.PCAP.PP.CD,2476.60309205127,1491.61267174295,1440.39367766113,1591.47883514103,1766.91014761234,1921.54998904796,2039.78832278035,2239.42758318044,2376.51916946578,2530.74394657194,2844.36266367009,3282.11706337369,3836.22556768673,4377.22759682551,5172.2189210295,6072.75924479855,7136.75405519953,7827.31666746494,6811.69247959581,7095.21267979009,7624.26772626905,8942.63537897164,9454.87852836557,9736.2349746279,9756.84084836026,10570.2720413936,12066.0043093819,12877.4937543553,14975.7539538157,14706.3173043422,15921.705281964,19161.3700514189,21534.0305361169,22823.1795255692
Armenia,ARM,Gini index,SI.POV.GINI,..,..,..,..,..,44.4,..,..,36.2,..,35.4,34.8,33,37.5,36,29.7,31.2,29.2,28,30,29.4,29.6,30.6,31.5,32.4,32.5,33.6,34.4,30,25.1,27.9,27.9,27.2,..
Azerbaijan,AZE,GDP (current US$),NY.GDP.MKTP.CD,5344000000,444658671.586716,1570392598.14954,1193141110.35043,2417331192.9526,3176507376.31836,3962362387.47922,4446368570.6901,4581248566.50158,5272615722.96892,5707616203.72011,6236087738.28284,7276413079.11451,8680405740.94125,13245421880.834,20981929497.6188,33049419431.2244,48851293785.4483,44292427184.9492,52909294791.9262,65952796427.9473,69679944504.1972,74160560123.6902,75239785452.1022,53076235354.746,37866996882.9157,40866627351.9817,47112470051.7701,48174235294.1176,42693000000,54825411764.7059,78807470588.2353,72428470588.2353,74315882352.9412
Azerbaijan,AZE,GDP per capita (current US$),NY.GDP.PCAP.CD,734.944232805688,60.2351205405972,209.530954548425,157.063549947072,314.55801908334,409.185543774103,505.516204188336,561.906807871869,573.893528734031,655.097249579917,703.670998584686,763.108895463487,883.692580745256,1045.0136328106,1578.36733030667,2472.95725732287,3851.33015175141,5574.46810432575,4950.39949009423,5843.5337683582,7189.81869211976,7495.86527658099,7875.34536661549,7890.84028062087,5500.50364628486,3880.6852276838,4147.1981423222,4739.7943123408,4805.75371765917,4229.91064904503,5408.04535175023,7770.594223351,7133.02838048328,7283.83562954872
Azerbaijan,AZE,"GDP per capita, PPP (current international $)",NY.GDP.PCAP.PP.CD,5412.09760741002,4220.14637720917,3272.23795360409,2647.7653869537,2356.89780387298,2406.77231863848,2565.40828437876,2826.70693721337,3051.94233665211,3439.14443222004,3834.89815686956,4230.40590255405,4718.4211499969,5247.53835061462,6854.93619475823,9398.01323940435,11973.9596381455,13216.8434837487,14245.5035454881,14930.4100337944,14804.5744507911,15994.1466501837,17267.5118919537,17563.6122454385,15075.272634791,14535.8020210633,14315.929643106,15282.9995232298,16675.3179361558,15163.5703327282,20111.3756952109,22552.0886659805,23651.5994551766,25088.9501767555
Azerbaijan,AZE,Gini index,SI.POV.GINI,..,..,..,..,34.6,..,..,..,..,..,36.5,25.3,26.8,26.6,26.6,..,..,..,..,..,..,..,..,..,..,..,..,..,..,..,..,..,..,..
Belarus,BLR,GDP (current US$),NY.GDP.MKTP.CD,18404907975.4601,16939790093.9054,16275073526.9819,14931435232.078,13972683273.5692,14756846153.8462,14130585516.1787,15221352698.8944,12138243080.6258,12736780455.1539,12354820143.8849,14594900944.7658,17825444724.4878,23141566292.9462,30210091836.8294,36961894281.3444,45275711995.825,60752106347.126,50873167326.0414,57231904542.8755,61762382327.9319,65685890438.8922,75527558966.4473,78813069120.9984,56454769844.7632,47723545321.259,54725405751.1559,60031026576.26,64410170653.4569,61371673344.7424,69673747131.87,73775179924.603,72478760370.4258,75961865471.9129
Belarus,BLR,GDP per capita (current US$),NY.GDP.PCAP.CD,1805.45592531527,1658.08641281239,1589.51011343649,1460.00791360458,1370.69991385664,1452.5071047646,1396.6571872706,1511.25979105507,1210.5874393672,1276.28038121269,1244.37318523431,1479.38066337175,1819.52653114699,2378.33700470129,3126.07176665248,3848.22350300163,4735.48107556066,6376.17569162063,5352.48809190697,6034.67885177216,6527.6593428786,6953.21591683101,7998.0802045456,8341.31809294883,5967.05595058777,5039.77560949445,5785.54491935194,6360.037502312,6837.77339645635,6542.85579976768,7489.71894713888,7994.64806074889,7896.75388295584,8316.64776291533
Belarus,BLR,"GDP per capita, PPP (current international $)",NY.GDP.PCAP.PP.CD,5329.79781214848,4917.1211552976,4640.85663610523,4190.32388933263,3845.70681830187,4039.34042394134,4596.48615766945,5061.33499468298,5331.41743967857,5795.65223965525,6238.09862731186,6697.15436370369,7361.72161495105,8482.92020586886,9636.89112345633,10994.5981274448,12320.0240249058,13886.1314098697,14034.1911206837,15339.0999026403,16563.2014078209,18114.7508606708,19014.0529737698,19037.8847440186,18133.5313085883,17832.4778855815,18413.747563367,20025.9815543598,22301.5932411839,24872.3066744528,27611.1801135157,28429.4948814534,30834.1773660201,33006.4166677827
Belarus,BLR,Gini index,SI.POV.GINI,..,..,21.6,..,28.7,..,..,32,31.7,31.2,30.6,30.3,28.8,26.5,27.6,28.3,29.6,27.8,27.7,28.6,27.2,26.5,26.6,27.2,25.6,25.3,25.4,25.2,25.3,24.4,..,..,..,..
Estonia,EST,GDP (current US$),NY.GDP.MKTP.CD,..,..,4013091682.2914,4123011419.74174,4502970889.06373,4786018988.16491,5154420649.23354,5674080542.88575,5756912265.75809,5686579747.53524,6250218422.70164,7370119619.4782,9876595528.45528,12148595031.0559,14109491356.7964,17025671810.3124,22450264166.4385,24342935403.5447,19633984440.1223,19524355419.038,23303915794.7569,23237406116.3988,25451032780.7573,27055689003.0038,23311847750.9394,24561027787.7896,27469461919.1189,31222632740.7247,31873748770.0313,31820771493.8974,37204563051.4723,38376046174.971,41291245222.1948,42764929169.3258
Estonia,EST,GDP per capita (current US$),NY.GDP.PCAP.CD,..,..,2685.90889287357,2819.12612100926,3134.38975345407,3380.92630243199,3682.95230146695,4093.39247738765,4140.93660232167,4070.60902410208,4502.66614992392,5343.18310760735,7205.40703313243,8916.0728274602,10414.6381183565,12641.4800976473,16745.4308011148,18205.9064113446,14712.4494217916,14663.7041018705,17555.5455239426,17568.2137969714,19310.3874900757,20581.7898991695,17722.1557669523,18666.3736521706,20851.5223496861,23618.1361254581,24021.2501413306,23933.9939421065,27953.7670230126,28451.1477825175,30133.304450454,31170.0915091887
Estonia,EST,"GDP per capita, PPP (current international $)",NY.GDP.PCAP.PP.CD,7146.26055574846,5867.94387227387,5809.85535887514,5962.61470597632,6475.40136185006,6889.29880886621,7977.91655116702,8450.51937523685,8412.06677647343,9422.49706491914,10309.9978807426,11666.6649638489,13136.7185083193,14539.9710841117,16638.0779749397,19348.3868589782,22201.3543849265,22803.5194742273,20478.2524752833,21616.7122418461,24652.3610297918,26242.5282659014,27831.1526234213,29403.6584494815,29720.5911161676,31947.7769107437,34506.6486942506,37120.9879761677,40586.3784378888,40672.1340402132,44251.5374983455,47802.0073086125,46790.2700170266,49333.8067758296
Estonia,EST,Gini index,SI.POV.GINI,..,..,39.4,..,30.1,..,..,37.6,..,35.8,36,35.8,37.2,33.6,33.4,33.7,31.2,31.9,31.4,32,32.5,32.9,35.1,34.6,32.7,31.2,30.4,30.3,30.8,30.7,31.8,32.3,..,..
Georgia,GEO,GDP (current US$),NY.GDP.MKTP.CD,6324503311.25828,3690328963.64086,2701181331.30816,2513867645.13316,2693732611.81599,3094936177.1918,3510520231.21387,3613497316.55319,2800025882.71672,3057475335.18846,3219462262.0075,3395766677.67315,3991377904.13162,5125365191.98664,6410912049.87105,7745250733.95067,10172931088.5655,12795145130.9103,10766920065.8251,12426907967.1578,15475290469.2869,16894392033.2256,17517660143.6859,17966015109.3043,15223796148.8396,15444548901.9637,16473125375.0684,17902544880.6471,17638337116.9126,16010869215.68,18853115588.8106,24984568959.605,30777833600.6515,33776141250.5716
Georgia,GEO,GDP per capita (current US$),NY.GDP.PCAP.CD,1307.82342713006,757.223548505358,550.015542609224,519.815578814965,578.336923460866,689.034634153312,807.032285752352,851.515542450841,673.537782887275,749.908534993961,801.98383707929,853.526171868939,1010.03151630868,1305.04748557208,1642.78359414797,1996.02013272284,2635.36650276116,3324.7537205015,2822.68939668797,3281.72930937343,4119.66818307193,4530.69533409431,4712.00229382665,4830.33486170249,4086.6223465965,4143.40125686315,4418.75206546679,4804.0546040444,4741.2832715876,4300.85701291207,5083.60695484577,6729.84659930283,8283.66960652261,9193.66366361489
Georgia,GEO,"GDP per capita, PPP (current international $)",NY.GDP.PCAP.PP.CD,4726.62231011804,2643.1783620022,1898.37119622324,1764.24469895173,1918.76988598651,2253.09523341327,2615.64621072521,2795.39447706365,2976.85797333062,3161.19582490118,3440.72817931982,3718.68693255545,4239.93841372799,4634.77757594477,5271.95095261655,5980.44390488226,6951.08584266081,7278.66312193993,7119.14279081978,7711.80683889487,8563.83554915647,10059.9820603954,10797.3423273476,11770.6989360253,12269.6528932768,13065.294157468,13718.9378669764,15021.9057577433,16770.1333771469,16791.2598654465,18915.6534005263,22461.3326414547,25071.9677264107,28417.7518669146
Georgia,GEO,Gini index,SI.POV.GINI,..,..,..,..,..,37.1,40.7,41.2,40.1,40.5,39.6,37.2,36.6,36.2,37.4,36.9,38.1,38.5,38.2,39.5,39.6,39,38.6,37.6,36.5,36.6,37.9,36.4,35.9,34.5,34.2,33.5,34.8,..
Kazakhstan,KAZ,GDP (current US$),NY.GDP.MKTP.CD,24923076923.0769,24917355371.9008,23409260879.9427,21250792886.1054,20374302652.3819,21035357936.8796,22165932062.966,22135245507.3656,16870817181.7799,18291990662.0356,22152689179.8815,24636598527.4437,30833692900.1091,43151647002.6096,57123671733.8952,81003864630.018,104849915058.376,133441648851.982,115308686941.38,148047348240.643,192626464617.071,207998568865.789,236634603409.089,221415613595.469,184388404706.042,137278320084.171,166805788827.233,179339977690.485,181667184854.501,171082365861.423,197112255360.612,225496328925.494,261840101059.923,288406138230.669
Kazakhstan,KAZ,GDP per capita (current US$),NY.GDP.PCAP.CD,1442.42455540825,1437.59848100913,1355.13493859139,1246.83633018218,1217.79138769863,1281.39152895397,1381.63593295187,1414.59289652597,1091.54727722159,1180.0444563226,1422.27331810957,1573.55219932325,1958.02050246511,2722.47407755402,3577.35804001782,5030.13494711519,6449.43931096532,8123.54705891736,6938.01175663001,8793.07589980782,11287.1464926039,12018.7966527993,13478.459627612,12427.7094576939,10196.1226255982,7475.56688689424,8943.08416791984,9472.48527327758,9457.12614657136,8781.50797787648,9983.60103576902,11255.3396437881,12879.4275257974,14005.3487362345
Kazakhstan,KAZ,"GDP per capita, PPP (current international $)",NY.GDP.PCAP.PP.CD,7192.80207972621,6945.09441100731,6477.34852532472,5860.35066863477,5595.43398949421,5836.07198360121,6177.92475026557,6283.54590535624,6625.78215190847,7418.19612076858,8568.08719492031,9504.45082486949,10532.4466973491,11777.1119570134,13226.1466963892,14965.7723195676,16581.2240531177,17278.4721681147,17389.0145838316,18641.8061477073,20159.9329426413,21367.2180595372,23754.1341952117,23958.1128890603,22484.3651382607,23023.0872293899,23973.0602295651,25096.1285862615,28689.2710838374,29039.8229624509,32945.8515725823,35895.0839871667,38515.1836010946,40813.0442804706
Kazakhstan,KAZ,Gini index,SI.POV.GINI,..,..,32.7,..,..,35.4,..,..,..,..,36,34.8,33.7,31.8,39.8,30.2,30.1,28.5,28.2,28,28,28.2,27.1,27,26.8,27.2,27.5,27.8,28,28.7,29.2,..,..,..
Kyrgyz Republic,KGZ,GDP (current US$),NY.GDP.MKTP.CD,2542256424.35069,2315346942.855,2026019252.61241,1681780847.41091,1661147035.24388,1827570586.16784,1767864035.71943,1645963749.83146,1249061487.01457,1369688498.06778,1525116370.27939,1605643104.73021,1919008090.49641,2211534585.0034,2460246766.41401,2834168889.42019,3802570552.56105,5139958909.17936,4690061380.60253,4794361863.01353,6197765984.28468,6605142884.36215,7335033800.59056,7468102412.68237,6678177511.66313,6813095379.1187,7702938379.42036,8271106235.41552,9371275264.36735,8270468614.24051,9249133946.26531,12134931017.9465,15180842369.4894,17478259659.2625
Kyrgyz Republic,KGZ,GDP per capita (current US$),NY.GDP.PCAP.CD,569.548584035047,512.766741120388,448.554190878232,372.481759948941,364.250365258345,394.856879614212,376.427930059811,345.137046084246,258.048055936976,279.621738464365,308.41129550148,321.726775366804,380.505828812441,433.233873286,476.548193640077,543.113512472219,721.771577544361,966.388569370494,870.198894546917,876.954476440354,1117.40174350185,1168.62244675446,1269.66303464348,1264.52668823891,1105.65193844261,1103.27489428412,1221.39046807082,1283.5203037417,1421.99927504102,1229.51766602907,1349.99730650542,1739.72018344174,2138.22210211478,2419.26553574523
Kyrgyz Republic,KGZ,"GDP per capita, PPP (current international $)",NY.GDP.PCAP.PP.CD,2381.59403589018,2074.73448703806,1795.02243591929,1465.67275987187,1401.15681749774,1505.44883738041,1658.88675232759,1687.04763674764,1747.30607418367,1861.86559711699,1986.16135823429,1998.23788061971,2158.19667404533,2343.43044015004,2385.59446517801,2508.38844842805,2769.89508451908,3031.49407050215,3096.93814114872,3075.61554332455,3278.35102220086,3588.67988824025,4000.96295765107,4228.1951482992,4153.3766990372,4603.75964247878,4953.71755085199,4777.94175395575,5304.22758314405,5178.5619670404,5736.47883415154,6577.51217728389,7298.08612561933,8009.40919445692
Kyrgyz Republic,KGZ,Gini index,SI.POV.GINI,..,..,..,..,..,..,..,46.3,..,31,30.2,30.3,28.7,34.8,32.6,37.4,33.9,31.5,29.9,30.1,27.8,27.4,28.8,26.8,29,26.8,27.3,27.7,29.7,29,28.8,26.4,..,..
Latvia,LVA,GDP (current US$),NY.GDP.MKTP.CD,..,..,..,..,5608208784.9401,5799465288.41246,6349481006.53278,6974112951.26891,7324192889.74297,7761252607.18424,8190888739.6463,9249030241.01864,11244337719.8377,13827070378.5612,16306935905.4138,20434922247.3037,29420499247.7089,34135200994.0067,25691530442.035,23468324572.3343,26575547900.8247,27116149948.6683,29152128167.8438,30277203767.4058,26344565876.8902,27117105059.5075,29391059767.4259,33247935477.3576,33099503950.847,33379927434.6149,38183326784.9335,38014713595.7686,42572151720.138,43520773851.1219
Latvia,LVA,GDP per capita (current US$),NY.GDP.PCAP.CD,..,..,..,..,2256.77360387054,2360.1714816213,2609.89308697195,2893.79998716563,3063.89794599707,3278.17896440803,3504.61829462397,4003.60935783538,4914.57992829302,6109.73265186817,7283.78738127622,9211.7374468148,13370.9789452508,15677.6080864506,11996.0322729773,11188.4191700977,12902.574053337,13329.3499931271,14484.4715282132,15185.814581236,13321.9753140616,13838.5266823272,15132.4958333982,17252.1710428626,17294.9751600969,17564.2321549354,20261.8887788916,20227.2307431581,22675.5786295407,23367.5986788961
Latvia,LVA,"GDP per capita, PPP (current international $)",NY.GDP.PCAP.PP.CD,6761.93029990412,4759.77988472631,4722.00398503732,5011.63179851938,5341.5481059568,5636.10158163726,6308.92711124729,6878.64308395672,7199.81211587757,7840.88147857358,8861.65345708332,9756.29800792346,10565.7335109121,11761.314151214,13343.8894481784,15024.6361475622,17281.0422640276,18634.7309608539,16559.5227779875,17343.4658666613,18618.7015409025,20494.0464806476,21850.1266362473,22973.693280582,24137.87643586,25802.1555784173,27645.8226249652,29817.8047263182,32199.0960377091,32741.4207691987,36912.0130602161,39960.8443388997,41810.0065349083,43866.9592690499
Latvia,LVA,Gini index,SI.POV.GINI,..,..,27,..,31,31.6,34.4,33.3,..,..,..,35.1,36.5,36.4,39,35.6,37.5,37.2,35.9,35,35.8,35.2,35.5,35.1,34.2,34.3,35.6,35.1,34.5,35.7,34.3,33.7,..,..
Lithuania,LTU,GDP (current US$),NY.GDP.MKTP.CD,..,..,..,..,7921210339.58439,8430207164.43677,10168271903.3233,11289161847.2162,11022095813.552,11550695727.2335,12260761329.3051,14282292664.6004,18809197969.5431,22743164431.1972,26105207115.3129,30116192746.8942,39729151614.6689,47831254207.5223,37494380038.9213,36638128534.0643,43186501862.7907,42709372066.8627,46303660422.0434,48306546656.9281,41540954817.2039,42970749245.0336,47756764508.446,54261795148.5372,55122066225.796,57412038533.2718,67037321008.9679,71033884499.7824,79789877416.1681,84869215513.3648
Lithuania,LTU,GDP per capita (current US$),NY.GDP.PCAP.CD,..,..,..,..,2182.69156931505,2340.67545970008,2844.16286797492,3180.64498555255,3127.51176667183,3300.63634928559,3532.52787363242,4148.13091485015,5507.47434187652,6734.57487061946,7857.03148786492,9210.10118229413,12295.1212779366,14955.5345462921,11854.3711053096,11829.122609457,14261.8433787325,14288.1853493139,15636.5252586048,16446.1647181663,14269.8039878287,14934.2702840428,16800.1510246099,19247.2315367967,19608.7943945553,20428.6478157394,23870.4594851722,25085.784063499,27786.0057829276,29386.2878350187
Lithuania,LTU,"GDP per capita, PPP (current international $)",NY.GDP.PCAP.PP.CD,8709.65564857499,7021.97877258004,6050.58544364228,5615.09121186818,5967.19145428301,6419.66406344336,7102.8812426819,7796.78718194725,7856.70659113875,8465.94329594005,9456.87328070018,10497.2666200199,12085.9566752899,13097.4375662948,14514.7832942166,16446.977802261,19113.9861386164,20735.7079776096,18167.6379038272,19827.948684184,22701.5546059767,24566.898703153,26563.3748975519,28005.7924124857,28853.9978560937,30772.6728449443,33591.5554071488,36491.9385223689,40563.8304884555,41262.7276941725,45873.5273239486,50498.3823963346,50914.8638146665,54413.9640682813
Lithuania,LTU,Gini index,SI.POV.GINI,..,..,33.2,..,..,32.3,..,32.1,32,31.7,32,31.9,35.5,37,35.3,34.4,34.8,35.7,37.2,33.6,32.5,35.1,35.3,37.7,37.4,38.4,37.3,35.7,35.3,36,36.7,36.6,..,..
Moldova,MDA,GDP (current US$),NY.GDP.MKTP.CD,3094565870.64237,2319243435.96096,2371813323.57343,1702314267.59123,1752999370.46158,1695122173.91304,1930081168.83117,1698717504.65549,1170782957.37443,1288429391.79951,1480673594.05602,1661818168.4226,1980907434.76826,2598249555.89984,2988342907.03096,3408255450.5509,4401173151.93767,6054824248.24221,5439434271.78807,6974982369.60155,8414352020.49442,8709138634.82921,9496717875.51932,9402090137.7423,7797667196.73087,7980917075.7748,9514404016.20949,11252353420.8798,11736797054.6965,11530746234.4492,13691869264.0794,14525337523.7271,16711906746.2133,18200340853.6517
Moldova,MDA,GDP per capita (current US$),NY.GDP.PCAP.CD,1037.89950336245,778.017667420102,796.989388848336,573.798647201304,593.593177049161,575.145455139019,657.29213459795,578.734627562193,399.499818596336,440.538683980372,507.404076252819,570.799866188293,682.319095965299,897.178494749468,1034.39197746993,1183.02481442894,1531.21618590748,2110.55305353857,1898.43975710988,2436.79935102421,2941.36224066021,3044.8084324815,3321.04397795719,3289.95758568777,2749.55137054338,2847.08794770479,3453.26727720294,4156.44981956646,4405.33418162155,4375.7788930524,5274.60582195352,5744.29618434435,6799.58594644576,7617.51613089815
Moldova,MDA,"GDP per capita, PPP (current international $)",NY.GDP.PCAP.PP.CD,5979.90789131835,4337.2468015914,4394.14185932458,3110.82300818682,3145.94580519356,3021.30988325621,3135.60702546224,2964.60151650533,2909.85035000128,3044.67050577354,3310.52882645877,3632.61091825467,3959.95150996029,4378.17475782467,4865.93456430334,5271.38970435336,5589.5685077365,6153.35152147981,5827.17888882857,6323.06287905206,6832.94156502961,7254.66249032313,8232.5238047368,8643.06431435343,9197.61838204272,10325.8404896126,11252.1135465283,11868.1955463223,13413.2232935126,13527.4413130967,15682.0703284653,16452.9621236034,17746.940549966,18716.5133942394
Moldova,MDA,Gini index,SI.POV.GINI,..,..,..,..,..,..,36.9,39.5,42.6,36.4,38,35.8,34.9,35,36.3,35.4,34.4,34.7,32.9,32.1,30.6,29.2,28.5,26.8,27,26.3,25.9,25.7,26,..,25.7,25.9,..,..
Russian Federation,RUS,GDP (current US$),NY.GDP.MKTP.CD,517962962962.963,460290556900.726,435083713850.837,395077301248.464,395537185734.854,391724890744.498,404928954191.876,270955486862.442,195907128350.934,259710142196.943,306602070620.5,345470494417.863,430347420184.885,591016690732.385,764015973481.11,989932071352.543,1299703478481.65,1660848058303.11,1222645900055.7,1524916715223.95,2045922753398.04,2208293553878.42,2292470078346.22,2059241589895.01,1363482182197.71,1276786350881.14,1574199360089,1657328773461.31,1693115002708.32,1493075894362.14,1829186719575.1,2291612121334.64,2071505725030.58,2173835806671.66
Russian Federation,RUS,GDP per capita (current US$),NY.GDP.PCAP.CD,3490.45239257813,3098.802734375,2930.67016601563,2662.10400390625,2665.77978515625,2643.92919921875,2737.57202148438,1834.86181640625,1330.75720214844,1771.59411621094,2100.3525390625,2377.52954101563,2975.123046875,4102.36474609375,5323.455078125,6920.19970703125,9101.2392578125,11635.2841796875,8562.82421875,10674.990234375,14305.33203125,15401.8515625,15941.4482421875,14055.47265625,9277.7138671875,8663.158203125,10658.9130859375,11211.8876953125,11447.701171875,10108.3271484375,12425.029296875,15619.6142578125,14159.3876953125,14889.0185546875
Russian Federation,RUS,"GDP per capita, PPP (current international $)",NY.GDP.PCAP.PP.CD,7857.85498046875,6862.41455078125,6419.53662109375,5734.421875,5613.28076171875,5517.85888671875,5699.94775390625,5465.05615234375,5914.326171875,6825.3916015625,7361.36376953125,8037.474609375,9254.537109375,10226.7666015625,11822.3466796875,14912.234375,16648.2421875,20163.609375,19389.94140625,20490.126953125,22789.54296875,24273.517578125,26019.7265625,25688.2265625,23994.013671875,24012.40234375,25777.904296875,28628.5625,30963.853515625,31490.8046875,38638.4296875,40938.98828125,44268.73046875,47404.96484375
Russian Federation,RUS,Gini index,SI.POV.GINI,..,..,45.4,..,..,46.1,38.4,38.1,37.4,37.1,36.9,37.3,40,40.3,41.3,41,42.3,41.6,39.8,39.5,39.7,40.7,40.9,36.9,36.5,36.7,35.5,35.3,35.7,33.7,35.1,..,..,..
Tajikistan,TJK,GDP (current US$),NY.GDP.MKTP.CD,2536585365.85366,1908554572.27139,1646623195.15603,1522001205.54551,1231561860.39946,1043654822.33503,921518032.909326,1320199581.52261,1086612290.27171,860541842.263697,1080772551.29433,1221106220.2868,1555318261.4172,2076176869.41089,2312352020.6689,2830213848.6203,3719524540.86193,5161299725.27673,4979472364.4534,5642221099.17704,6522756255.012,7633036903.07634,8448411318.25417,9112605459.32845,8271431485.07484,6992416096.89018,7536402852.85802,7764999999.45362,8300813599.3084,8133963550.65742,8937805347.13963,10713525200.3998,12244169292.7998,14204575548.5536
Tajikistan,TJK,GDP per capita (current US$),NY.GDP.PCAP.CD,457.767825924805,337.833145514813,287.620123754917,261.271254544865,207.034457343036,172.035088688368,150.088550171239,213.749145581577,175.023764735625,136.925716400723,168.676285365186,186.951638285222,233.58124845289,305.745158587502,333.927150941684,401.018403316427,516.997210618914,703.327375898643,664.795655734657,737.338883219356,833.601978202852,952.452819695469,1028.19704279396,1081.54402932039,956.916310930656,788.710481734485,829.45714764957,834.288404578801,871.022372934846,834.311715460625,896.748053372182,1052.17949484894,1178.47990060249,1341.20229027672
Tajikistan,TJK,"GDP per capita, PPP (current international $)",NY.GDP.PCAP.PP.CD,2416.74694594762,1721.38203935758,1453.73414941001,1148.38303208101,1005.61413217031,836.429096851095,854.823520854135,904.966780638461,946.825049327464,1036.12988868059,1138.74372892552,1256.95258174881,1395.64684232567,1550.072020439,1672.73374996313,1810.29125697328,1966.22189890915,2120.01845704928,2171.36091638488,2291.07823631732,2455.97278263399,2679.0692960897,2918.56048007357,3151.72452793203,2975.47097476092,2913.85679547445,3017.00314887354,3069.10385079592,3459.97365083434,3653.95976759112,3985.91247611219,4514.17512398164,4963.58295264504,5405.98011619139
Tajikistan,TJK,Gini index,SI.POV.GINI,..,..,..,..,..,..,..,..,29.5,..,..,..,32.7,33.6,..,..,32.2,..,30.8,..,..,..,..,..,34,..,..,..,..,..,..,..,..,..
Turkmenistan,TKM,GDP (current US$),NY.GDP.MKTP.CD,3208098919.0146,3200539816.0601,3179225948.58114,2561118608.35516,2482228439.71407,2378759975.44506,2450350625.10407,2605689134.49042,2450564100.18292,2904663310.9825,3534772732.39746,4462029108.72349,5977440582.80171,6838351088.46688,8103901996.37024,10276674364.8961,12664165103.1895,19271523178.8079,20214385964.9123,22583157894.7368,29233333333.3333,35164210526.3158,39197543859.6491,43524210526.3158,35799714285.7143,36169428571.4286,37926285714.2857,40765428571.4286,45232857142.8571,45818000000,50007428571.4286,58972000000,60628857142.8571,64239891739.3311
Turkmenistan,TKM,GDP per capita (current US$),NY.GDP.PCAP.CD,831.99873207474,811.354156451902,788.418914207107,622.13478015809,592.247247321132,557.894220051334,565.022638048501,590.791293266381,545.519003106054,633.835487638011,756.034976276398,935.540801478466,1228.94870289404,1379.23009682692,1604.01618452312,1996.59310717308,2414.96071986964,3605.50395120549,3707.97850699617,4058.53937000739,5143.61929334647,6053.8748468749,6599.64529055481,7164.14536184006,5759.497903834,5686.98040962764,5828.4816623489,6125.05169712085,6648.0348960628,6592.60146027748,7051.20211079213,8156.35211950774,8232.65225980002,8571.60702949432
Turkmenistan,TKM,"GDP per capita, PPP (current international $)",NY.GDP.PCAP.PP.CD,5117.42736907035,4350.53369794857,4422.12556745425,3658.74295311534,3404.84898017059,3636.47981794861,3222.37901251135,3431.57601757848,3980.65459569523,4208.66515457033,4401.30380449396,4392.82381539457,4536.19781505202,4798.15317447398,5489.34542179295,6163.85018154343,6901.0175688569,7915.54792420973,8285.01893015361,8971.61628736812,10282.7266190528,11035.451277853,11722.8086272577,12476.5344358387,12714.8137240363,12919.371222426,13278.4030353381,14368.4621432532,15477.7237643978,15090.9394971778,16434.1399060353,18340.1112805299,19828.9248461199,20407.8009519632
Turkmenistan,TKM,Gini index,SI.POV.GINI,..,..,..,..,..,..,..,40.8,..,..,..,..,..,..,..,..,..,..,..,..,..,..,..,..,..,..,..,..,..,..,..,..,..,..
Ukraine,UKR,GDP (current US$),NY.GDP.MKTP.CD,77350733982.4458,73945908383.7046,65648559903.0571,52549580264.8064,48213856468.5718,44558831005.0621,50151531591.7317,41882523345.1804,31580639553.8298,32375083934.8241,39309580983.2282,43956163612.0433,52010355753.0461,67220154164.3166,89238865118.5263,111884752475.248,148733861386.139,188110390659.515,121552153444.124,141209170427.233,169333835201.554,182591753827.949,190498811460.028,133503871861.723,91030967789.0717,93355869403.9223,112090505081.739,130891088293.55,153883047509.577,156617722013.342,199765859570.935,161989520721.19,181221517868.744,190741263731.535
Ukraine,UKR,GDP per capita (current US$),NY.GDP.PCAP.CD,1482.6396484375,1413.24011230469,1254.02868652344,1009.09405517578,933.191772460938,869.846069335938,987.489807128906,831.336791992188,631.910461425781,653.294311523438,800.49072265625,903.011901855469,1076.48156738281,1401.01806640625,1875.33508300781,2366.494140625,3160.32763671875,4017.806640625,2607.08764648438,3039.63232421875,3656.69799804688,3951.34228515625,4129.89697265625,3054.908203125,2094.47387695313,2158.46118164063,2604.28759765625,3059.0517578125,3619.86157226563,3709.76928710938,4775.94580078125,4199.6708984375,5139.59814453125,5389.47314453125
Ukraine,UKR,"GDP per capita, PPP (current international $)",NY.GDP.PCAP.PP.CD,7148.48291015625,6568.3330078125,5766.296875,4564.64453125,4124.29541015625,3812.24560546875,3794.17846679688,3794.33911132813,3871.32641601563,4228.1162109375,4746.85791015625,5122.84130859375,5764.01123046875,6663.46728515625,7142.10693359375,7971.1962890625,8900.4443359375,9323.72265625,7994.61572265625,8453.2998046875,9126.6083984375,9552.314453125,10903.8251953125,10493.7451171875,9921.833984375,10864.6572265625,11536.0810546875,12554.8486328125,14217.486328125,15541.02734375,17846.408203125,14770.0712890625,17665.34375,18550.462890625
Ukraine,UKR,Gini index,SI.POV.GINI,..,29.7,28.9,..,39.2,35.2,..,..,28.9,..,..,29,28.7,28.9,29,29.8,27,26.6,25.3,24.8,24.6,24.7,24.6,24,25.5,25,26,26.1,26.6,25.6,..,..,..,..
Uzbekistan,UZB,GDP (current US$),NY.GDP.MKTP.CD,13800167711.5003,12953801760.2414,13099920055.9608,12899074922.38,13350461264.9969,13948892215.5689,14744603773.5849,14988971210.8383,17078465982.0282,13760513969.314,11401421329.1974,9687788512.80184,10134453435.4603,12030023547.8807,14307509838.8053,17330833852.919,22311393927.8817,29549438883.8338,33689223673.2577,49765676402.4495,60178909297.208,67517349212.0609,73180037914.9104,80845385809.4529,86196264755.3105,86138288644.171,69703222282.7278,58695899092.1083,67293639798.3996,66443265418.3086,77340060003.0347,90095926567.4359,102641879248.764,114965293466.611
Uzbekistan,UZB,GDP per capita (current US$),NY.GDP.PCAP.CD,658.313550528068,602.920525827048,595.777099596612,574.229079896619,582.54213674034,597.33228695111,620.59129581366,621.048904301242,697.763539790812,555.149231099186,454.415812256778,381.409296889283,394.164028897235,462.171492867885,542.835808692209,649.118167003925,824.028192334768,1074.72928796701,1205.7993547038,1753.20730243278,2087.86386135694,2307.34649117185,2461.97947403595,2674.9628382103,2803.19018021751,2753.37951427589,2190.60411562888,1813.08530813664,2041.38480729431,1978.28051860763,2258.51964119278,2578.66689394219,2878.96879292451,3161.70010632875
Uzbekistan,UZB,"GDP per capita, PPP (current international $)",NY.GDP.PCAP.PP.CD,2676.11010110152,2371.46757191982,2317.59835107992,2196.51110760559,2178.32748301497,2213.95263919712,2328.65799847332,2417.82621506529,2521.83951097527,2644.26354163536,2782.34871050012,2902.03983617689,3047.24856835492,3321.19654400978,3617.85486831461,3955.97682075928,4386.1293366958,4800.05914327553,5135.46444647583,5504.8563793137,5949.484123529,6168.13764755172,6412.7238692872,6609.76717277708,6799.57332842183,6919.29475621804,7818.01112977426,8128.75520303523,8544.08026729718,8451.72505108114,9247.64382703929,10292.5309427485,11106.9715934767,11878.5528706848
Uzbekistan,UZB,Gini index,SI.POV.GINI,..,..,..,..,..,..,..,44.1,..,35.9,..,33,35.2,..,..,..,..,..,..,..,..,..,..,..,..,..,..,..,..,..,32.9,31.2,34.5,..
,,,,,,,,,,,,,,,,,,,,,,,,,,,,,,,,,,,,,
,,,,,,,,,,,,,,,,,,,,,,,,,,,,,,,,,,,,,
,,,,,,,,,,,,,,,,,,,,,,,,,,,,,,,,,,,,,
Data from database: World Development Indicators,,,,,,,,,,,,,,,,,,,,,,,,,,,,,,,,,,,,,
Last Updated: 07/01/2025,,,,,,,,,,,,,,,,,,,,,,,,,,,,,,,,,,,,,
